book_id,title,author,genre,published_year,copies_available
1,Gun kid hour view.,Patrick Wood,Non-Fiction,1968,22
2,Defense far happen rate.,Barry Thomas,Young Adult,1980,44
3,Hit later statement production.,Kathleen Snyder,Mystery,2012,7
4,Too fund rich.,Vanessa Lane,Young Adult,1966,36
5,Various hour top room kitchen.,Ronnie Hubbard,Fiction,2008,32
6,Way know author.,Sharon Watkins,Romance,1952,24
7,Run I watch.,Brittany Lee,Historical Fiction,1909,10
8,Short will debate exist both.,Anthony Mitchell,Historical Fiction,1931,28
9,House option your small.,Gary Michael,Mystery,1955,6
10,Officer pass car.,Amy Robinson,Romance,2000,32
11,Treatment result.,Samantha Moore,Biography,2019,38
12,Subject play now natural likely.,Robert Mcdonald,Fiction,1951,24
13,Build character moment.,Robert Conway,Biography,1917,3
14,Range book.,Allison Johnson,Science Fiction,1939,29
15,Star improve understand eye.,Theresa Robinson,Science Fiction,1981,14
16,Model million institution.,Diane Hunt,Mystery,1994,11
17,College appear else think thing.,Michael Rojas,Non-Fiction,1983,4
18,Party letter like.,Allen Summers,Fiction,1955,15
19,Admit do establish at.,Dawn Turner,Romance,1942,7
20,Nature join cost.,Dr. Diane Cook,Young Adult,2020,30
21,Heavy meeting but.,Nathan Johnson,Science Fiction,1928,6
22,Instead listen.,Bradley Brown,Thriller,1934,11
23,I for option after.,Leslie Gray,Non-Fiction,1959,3
24,Page and while.,Jennifer Levine,Fiction,1946,48
25,Effect according.,Samantha Santana,Fiction,1912,47
26,List choice along almost.,Michael Turner,Fantasy,1973,36
27,Wife either.,Beverly Zuniga,Fantasy,1945,19
28,Miss if argue need.,Leslie Davis,Mystery,1957,13
29,Though idea agreement there chair.,Dawn Smith,Biography,1933,36
30,View economic set life another.,Cynthia Smith,Young Adult,1972,42
31,Imagine behind sit risk argue.,Michael Turner,Fiction,1924,10
32,Can pull level heavy single.,Erin Davis,Fiction,2005,27
33,Weight hand space control.,Jean Davis,Young Adult,2015,12
34,Worker true imagine.,Anthony Wallace,Biography,1962,50
35,Cause something discover full place.,Yolanda Proctor,Young Adult,1954,36
36,Project trial usually plant example.,Robert Liu,Mystery,1958,5
37,Different arrive.,Cheryl Clark,Non-Fiction,1984,6
38,Establish condition.,Richard Grant,Mystery,1970,23
39,Can between buy.,Matthew Fuller,Mystery,1902,39
40,Yes clearly.,Christine Rice,Romance,1981,2
41,Section community learn organization talk.,Patricia Black,Romance,2009,19
42,Structure assume might west.,Kim Carter,Science Fiction,1942,38
43,Thank notice appear.,Ray Day,Young Adult,2008,47
44,Since eat fact against.,Dean White,Fantasy,1942,45
45,Popular garden thousand.,Michele Miranda,Fantasy,1993,21
46,Care machine above.,Heather Rowe,Non-Fiction,1999,39
47,Student out rock team international.,Brett Alvarez,Non-Fiction,2017,45
48,Town himself prepare southern.,Brittney Davila,Fantasy,1937,35
49,Respond none amount.,Michelle Jordan,Biography,1996,23
50,Myself everything apply us simple.,Ariel Martin,Young Adult,1961,49
51,Tax partner might over son.,Christopher Carrillo,Fantasy,1984,3
52,This against manage market.,Theresa Price,Fantasy,2013,28
53,Either real.,Michelle Adams,Mystery,1961,18
54,Hair door particularly.,Joseph Williams,Romance,1989,16
55,Other note.,Lisa Thomas,Thriller,1935,6
56,Argue guess plan role girl.,Corey Stevens,Romance,2003,19
57,Focus future cover special.,Casey York,Romance,1928,6
58,Attack strategy arrive start.,Christian Gonzalez,Fantasy,1918,39
59,Speech top.,Ronald Rush,Historical Fiction,1950,42
60,Mention stage room chair remain.,Ivan Costa,Biography,1963,19
61,Beyond religious whom certain.,Lauren Hill,Fantasy,1977,6
62,Look total activity.,Katelyn Holder,Mystery,1935,3
63,Training four realize put.,Marie Smith,Mystery,1958,36
64,Investment action these.,Donald French,Mystery,1909,30
65,Strategy player central.,Peter Ramos,Young Adult,1900,6
66,Get concern white scientist kid.,Kristin Williamson,Science Fiction,1977,4
67,Participant see middle.,Melissa Kelly,Fantasy,1997,30
68,Research wish born.,Jessica Obrien,Fantasy,2019,45
69,Want light another figure full.,Kelly Gardner,Non-Fiction,2016,20
70,Special reduce hot.,Lisa Price,Fiction,1986,10
71,Friend thing single.,Melissa Gutierrez,Fiction,1935,47
72,Happen right.,Kimberly Evans,Historical Fiction,2014,16
73,Same generation safe.,Michelle Cox,Romance,1961,50
74,Herself say suggest.,Keith Ortega,Fiction,1929,29
75,White network fly candidate.,Tony Young,Mystery,1998,4
76,Too air else specific.,Corey James,Historical Fiction,1933,41
77,Spring land lose.,Tammy Lawrence,Science Fiction,1993,30
78,Even thus arm body program.,Mr. Chris Mcdonald,Historical Fiction,1925,28
79,Describe take.,Dillon Roy,Science Fiction,1938,31
80,Case wife.,Benjamin Torres,Mystery,2018,27
81,Page shoulder season window high.,Melissa White,Mystery,1910,45
82,Accept cost.,Travis Bailey,Fiction,2009,16
83,Program ball be.,Jessica Baker,Historical Fiction,1939,17
84,Open relationship safe fly.,Alexander Galloway,Mystery,1974,16
85,Cold do necessary work.,Heather Smith,Thriller,1992,17
86,Radio board.,Michael Mccormick,Historical Fiction,1961,11
87,Assume feeling there those.,Stephanie Hopkins,Young Adult,2010,15
88,Charge animal.,Patrick Henderson,Young Adult,1977,32
89,Those group later performance drive.,Thomas Ingram IV,Mystery,2011,36
90,Skill stay purpose.,Lynn Banks,Mystery,1961,42
91,First necessary try make.,Stephanie Thompson,Mystery,1954,3
92,Third wish throw free.,Laura Soto,Non-Fiction,1910,14
93,Size thousand.,Michelle Savage,Biography,1988,3
94,Station point bring we.,Adam Andrews DDS,Historical Fiction,2002,14
95,Discussion too.,Katherine Gonzalez,Non-Fiction,1954,31
96,Win low rise those.,George Edwards,Romance,1973,25
97,Result goal others out.,Dana Ayers,Historical Fiction,1915,48
98,Deep whether still big ground.,Richard Lawrence,Mystery,1944,33
99,Yes although.,Adam Jackson,Mystery,1964,24
100,Development even everybody.,Jordan Rodriguez,Fiction,1992,22
101,Term heavy study.,Susan Jones,Romance,1941,50
102,Address create several environmental close.,Donald Vincent,Romance,1997,1
103,Word drive material couple.,Alexander Gamble,Science Fiction,1996,43
104,Cause standard skin student radio.,Gloria Simmons,Fantasy,1993,4
105,Nature themselves certain.,Dalton Sloan,Thriller,2017,5
106,Cup later listen.,Monique Jackson,Romance,1900,37
107,Herself modern seem.,Jessica Rowland,Non-Fiction,1969,45
108,Week company resource large.,Charles Johnson,Mystery,1981,6
109,Early her these.,Donna Golden,Fantasy,1962,36
110,Night voice hotel daughter rather.,Austin Munoz,Fiction,2007,24
111,Different easy fill so suddenly.,Timothy Martinez,Young Adult,1906,41
112,Me color rule.,Miranda Brown,Thriller,1935,44
113,Age lose.,Jennifer Smith,Non-Fiction,1939,4
114,Security treat continue simple despite.,Ethan Jenkins,Romance,1956,22
115,Own quite edge.,Christopher Freeman,Historical Fiction,1970,42
116,Young they their coach.,Adrian Lewis,Science Fiction,2004,43
117,South structure.,David Ward,Romance,1999,37
118,Many money dream bill discuss.,Juan Buckley,Thriller,1930,22
119,Between three beat total.,Catherine Nicholson,Fantasy,1944,12
120,Between get loss.,Bobby Ruiz,Historical Fiction,2023,28
121,Particularly program century public.,Timothy Jones,Non-Fiction,1967,19
122,Week until doctor spring dog.,Sarah Nelson,Fantasy,1981,18
123,Bed feeling.,Paula Craig,Young Adult,1930,19
124,Answer goal different first road.,Miguel Gould,Historical Fiction,1934,39
125,Industry left sound great.,Antonio Fletcher,Science Fiction,1926,23
126,Lose low the strong seek.,Edwin Navarro,Fiction,1921,1
127,So dark TV feeling.,Ashley Perkins,Fiction,1956,46
128,Republican money.,Timothy Davila,Thriller,1968,19
129,Everyone cell from.,Margaret Blair,Fantasy,1917,26
130,Because service dream fast unit.,Lauren Cox,Science Fiction,1973,8
131,Third collection voice unit.,Sherri Moran,Fantasy,1931,13
132,Present man.,Dustin Miller,Fiction,1902,26
133,Rock girl.,Kristen Hodge,Biography,1943,12
134,Health green.,David Roberts,Romance,2021,43
135,Must author knowledge.,Randy Arroyo,Science Fiction,1912,31
136,Write speech.,Donna Bird,Young Adult,1901,46
137,Cover various would here.,Emily Ingram,Fiction,1925,45
138,Let book check.,Cassidy Perez,Historical Fiction,1934,20
139,Pm next wonder.,Rhonda Brown,Fiction,2008,8
140,Animal miss nothing leg off.,Mitchell Thompson,Mystery,1903,42
141,Attention all population.,Susan Mills,Non-Fiction,2005,29
142,Something lot shoulder argue war.,Mr. Sean Hernandez,Thriller,1926,50
143,Next something itself.,Melissa Obrien,Thriller,1996,9
144,Second quite boy raise.,Anna Williams,Romance,1973,48
145,You wide condition price left.,Richard Arnold,Biography,2010,5
146,Add trouble anything class enough.,Jonathan Butler,Fantasy,1900,41
147,Nice open kid.,Heather Phillips,Fiction,2010,24
148,Focus air seat.,Michael Garcia,Historical Fiction,1932,14
149,Doctor performance member.,Daniel Santiago,Thriller,1942,8
150,Prevent sometimes mention.,Johnny Perry,Historical Fiction,1956,34
151,Nearly employee center.,Donna Olson,Fiction,1920,46
152,Teach stage image feeling serve.,Kevin Little,Thriller,1907,31
153,Nature knowledge.,Adam Morgan,Fantasy,1914,50
154,Century see care.,Gregory Robinson,Fantasy,1972,33
155,Blood walk range.,Hannah Pope,Fiction,2017,33
156,Cut age sea effort.,Christopher Russell,Romance,2012,1
157,Conference bit expert late.,Brian Reyes,Historical Fiction,1939,3
158,Ever light wear.,Larry Murphy,Mystery,1925,7
159,Painting across certain lawyer.,Janice Prince,Romance,1970,1
160,Guess alone choice former.,Tracy Reeves,Non-Fiction,1934,25
161,Debate enough debate generation.,Joseph Campbell,Mystery,1977,24
162,Speak raise red.,Jennifer Hart,Science Fiction,2012,31
163,Those north.,Jennifer Jones,Biography,2009,43
164,White deal level morning.,Steven Lee,Non-Fiction,1915,34
165,International beautiful part.,Aaron Bird,Non-Fiction,1925,37
166,Sister federal third.,Gary Gray,Science Fiction,1999,19
167,Soon majority middle can.,Raymond Collins,Young Adult,1968,19
168,Into skin road you together.,Denise James,Thriller,1925,21
169,Read her board across.,Lisa Lewis DDS,Thriller,2022,44
170,Peace his sit.,Sonya Reyes,Young Adult,1945,36
171,General save clear.,Lawrence Stanley,Fiction,1996,42
172,Lead cultural shake.,Amanda Johnson,Young Adult,1997,6
173,Either population key job.,Cynthia Foster,Science Fiction,1958,30
174,Least threat ahead.,Brooke Parker,Fiction,1980,21
175,Mother especially who many top.,Deborah Stewart,Romance,2012,22
176,Drug admit win woman capital.,Deborah Scott,Non-Fiction,1902,25
177,Care food.,Bruce Kelly,Fantasy,1959,33
178,Describe east involve hour paper.,Taylor Brown,Historical Fiction,1911,44
179,Several able claim.,Dr. Susan Wang MD,Fiction,1949,33
180,Mind especially gun.,Nicholas Henderson,Non-Fiction,1966,3
181,Security win there.,Christina Miller,Thriller,1954,20
182,Second economy.,Karen Lopez,Romance,2004,5
183,Point two spring under.,Tracy Schwartz,Young Adult,1990,2
184,Past though pay charge.,Ashley Frederick,Science Fiction,1929,38
185,Computer home enough.,Kimberly Novak,Biography,2005,43
186,Cover above.,Suzanne Johnson,Biography,1951,8
187,Truth sense.,Willie Harris,Biography,1969,44
188,Executive trade for seem.,Lindsey Tapia,Fantasy,1965,37
189,Plant task degree.,Anna Dennis,Fantasy,1964,50
190,Hope project beyond.,Justin Bright,Thriller,2001,41
191,Research program.,Paul Cherry,Fantasy,1922,37
192,Evening standard night not great.,Mrs. Becky Ellison,Fiction,1993,24
193,Body show explain.,Gregory Beck,Fiction,1991,37
194,Film learn also soldier.,Robert Rose,Non-Fiction,1907,14
195,North personal.,Samuel Olson,Young Adult,1957,38
196,Away teacher ahead throughout.,Logan Stewart,Non-Fiction,1980,9
197,Study grow somebody share.,Ryan Moss,Thriller,1918,2
198,Hour interest.,Mr. Ronald Lopez DVM,Non-Fiction,1982,6
199,Produce hear present second.,Lucas Odonnell,Historical Fiction,2023,12
200,Agree question.,Stephanie Baxter,Historical Fiction,1901,50
201,Should charge could discussion.,Charlotte Blake,Non-Fiction,1903,36
202,Future goal quickly beautiful.,Richard Wallace,Thriller,1964,10
203,When service well consumer.,Nicole Lee,Historical Fiction,1906,2
204,President my industry five talk.,Erica Bryant,Young Adult,1924,10
205,Explain partner open discussion.,Erin Stafford,Historical Fiction,1966,10
206,Major artist cost owner.,Jeffery Hughes,Young Adult,1936,1
207,Sign oil ago risk likely.,Sandra Evans,Romance,1900,45
208,Hair toward many resource appear.,Justin Wilkins,Thriller,1969,46
209,Quite letter game.,Christopher Maldonado,Biography,1942,16
210,Upon money behind play through.,Paul Patton,Historical Fiction,1989,11
211,Last establish suffer.,Lisa Mercado,Thriller,1919,24
212,Door defense keep.,Mrs. Patricia Dickerson,Fantasy,1910,36
213,High interview fine practice notice.,Michele Atkinson,Fiction,1965,33
214,Point effort.,Marie Chang,Fantasy,1955,41
215,Experience source director she.,Andrew Hill,Fiction,1989,34
216,Financial turn possible.,Isaac Skinner,Fantasy,2016,24
217,Seven world.,Brittany Cook,Fiction,1990,4
218,Able report star.,Elizabeth Levine,Fiction,1925,27
219,And just or late again.,Victoria Mccoy,Mystery,1905,3
220,Treatment some age movie day.,Scott Lopez,Historical Fiction,1965,39
221,Fire speech position participant.,Zachary Gray,Historical Fiction,2005,6
222,All hit long this find.,Kimberly Robinson,Thriller,2010,11
223,Down could.,Bob Bullock,Thriller,1905,49
224,Next former house moment want.,Gary Lewis,Science Fiction,2016,32
225,Your town.,Shawn Ramirez,Mystery,1968,28
226,Scientist such sort.,Joel Rodriguez,Fiction,1914,27
227,Discuss walk north.,Madison Tanner,Historical Fiction,2010,44
228,Vote throw.,Jeffrey Moore,Thriller,1940,41
229,First also his economic long.,Amber Garcia,Fantasy,1961,39
230,Special course forget Mrs.,Stephanie Torres,Romance,1947,47
231,Begin provide event radio speech.,Mrs. Pamela Stewart MD,Historical Fiction,1949,44
232,Tax practice across person.,Julie Welch,Non-Fiction,1910,42
233,New must.,Cameron Foley,Non-Fiction,2010,45
234,Size none sometimes already beat.,Wanda Wood,Non-Fiction,1949,11
235,Move those improve fact.,Susan Snyder,Mystery,1941,4
236,Soldier boy view remain.,Jonathan Lynch,Historical Fiction,1982,19
237,Man movement.,John Williams,Mystery,1995,19
238,Left charge hotel.,Ashley Vasquez,Young Adult,1972,28
239,Analysis better free.,Jill Mitchell MD,Historical Fiction,1988,17
240,Partner trouble.,Amanda Salazar,Historical Fiction,1943,28
241,Understand carry.,Kenneth Cooper,Biography,1912,23
242,Lead lose study determine everything.,Emily Robles,Romance,1981,3
243,Campaign edge company.,Deborah Allen,Thriller,1916,40
244,Free trouble impact.,Veronica Fields,Romance,1953,17
245,Later threat model.,Sara Brown,Thriller,1980,25
246,Age increase else day.,John Cherry,Thriller,1901,43
247,Maintain though reveal.,Lori Mayer,Young Adult,1904,41
248,Single last.,Gina Cohen,Historical Fiction,1949,10
249,Exactly wide heavy instead.,Joseph Walters,Biography,1952,22
250,Position sea artist.,Deanna Pratt,Romance,2020,41
251,Give center.,Alexander Adams,Mystery,1910,32
252,Address central space.,Olivia Soto,Thriller,2017,19
253,Letter stop choice source place.,Rebecca Bonilla,Thriller,1907,6
254,Student choice thousand.,Troy Williams,Biography,1949,39
255,Travel film decide speech.,Anna Moore,Historical Fiction,1901,47
256,Eight say subject.,Mr. Victor Morrow,Biography,1950,35
257,Away coach we.,Ashlee Baxter,Mystery,1993,47
258,Day available themselves.,Brenda Martin,Mystery,1979,10
259,Be break.,Emily Washington,Romance,1994,2
260,Sound great these piece.,Kevin Haynes,Fantasy,1963,37
261,Century total why although nation.,Hunter Munoz,Science Fiction,1982,44
262,Guess detail us rock popular.,Nathaniel Simon,Young Adult,1975,11
263,Rate billion.,Logan Scott,Mystery,2010,36
264,Development throughout floor.,Billy Zhang,Fiction,1944,14
265,Beyond assume class.,Carol Maxwell,Non-Fiction,1948,43
266,Serve receive challenge us race.,Shane Williams,Fantasy,1996,23
267,Drug energy.,Chelsea Patrick,Young Adult,1917,31
268,The billion candidate close.,Mia Ward,Romance,1921,49
269,Pressure team stop across marriage.,Nathan Kaufman,Biography,1969,4
270,Sit under agent.,Jessica Wagner,Fantasy,1974,15
271,Prepare over the.,Jesse Johns,Science Fiction,1919,49
272,Owner rule office police.,Victor Jackson,Romance,1932,46
273,Financial worker test.,Jason Kramer,Young Adult,1948,33
274,Prepare must name government foot.,Jennifer Abbott,Romance,2005,21
275,Talk far professional eat.,Samuel Anderson,Thriller,2008,30
276,Government space good happy.,Bobby Santos,Romance,2011,24
277,Write song of until.,Paul Anderson,Thriller,1941,22
278,Card their do.,Christopher Mckenzie,Mystery,1977,30
279,Stay sense close.,Cynthia Reed,Romance,1926,12
280,Film toward subject leg maintain.,Kimberly Moore,Biography,2020,10
281,Heavy voice.,Michael Williams,Biography,1986,46
282,Large human decision thought.,Diana Williams,Mystery,1903,4
283,Choice fine these fight.,Michael Hansen,Non-Fiction,2005,40
284,Charge support wrong itself positive.,Matthew Cox,Historical Fiction,1952,1
285,Hard him skin.,Melissa Turner,Romance,1949,41
286,Themselves example.,Maria Carpenter,Biography,1910,7
287,Theory agent do goal.,Benjamin Jones,Historical Fiction,1918,31
288,Wish news public.,Kristin Pearson,Young Adult,2014,21
289,Purpose guy feeling almost.,Michael Snyder,Mystery,1910,38
290,Us challenge.,Joe Reynolds,Non-Fiction,1929,35
291,Democratic way might.,Jody Gonzalez,Science Fiction,2015,19
292,Buy at suffer start.,Matthew Baker,Biography,1953,7
293,Must move series president development.,Sandra Contreras,Non-Fiction,1900,41
294,Education whose.,Aaron Newman,Biography,1969,21
295,Administration care great within prevent.,John Morgan,Biography,1951,39
296,Indeed offer remember.,Michael Peters,Biography,1934,48
297,Commercial a simple.,Laura Lee,Biography,1932,7
298,Sing travel.,Ashley Klein,Young Adult,2008,22
299,Personal parent full international foot.,Lisa Hicks,Science Fiction,2001,11
300,Current collection.,Jason Smith,Fiction,1987,48
301,Realize carry natural into.,Emily Molina,Historical Fiction,1903,18
302,Enjoy first law country.,Jordan Rodriguez,Historical Fiction,1941,14
303,Wonder talk hit memory.,Patricia Gilbert,Science Fiction,1951,11
304,She would.,Sharon Carey,Romance,1911,37
305,Business theory do.,Valerie Wyatt,Thriller,2011,13
306,School consumer he.,Taylor Hicks,Thriller,1902,16
307,Young any back put medical.,Mrs. Holly Luna DDS,Fiction,1953,41
308,North woman compare.,Darryl Wilkerson,Thriller,2012,42
309,Turn provide commercial film.,Frederick Hoffman,Fantasy,1908,17
310,Address conference vote son.,Walter Gonzalez,Historical Fiction,1981,21
311,Per bad development.,Martha Adams,Thriller,2005,9
312,Book strategy result.,Dustin Lang,Non-Fiction,1910,36
313,Democrat political increase yeah.,Bailey Smith,Mystery,1900,17
314,Building then.,Chloe Aguilar PhD,Fiction,2019,12
315,Company rock boy.,Daniel Horne,Non-Fiction,2019,44
316,Example bank pressure goal.,Linda Owens,Fantasy,1974,24
317,Color conference room Mrs might.,Anthony Thompson,Fiction,1916,29
318,Senior nature establish meet.,Susan Jacobson,Fantasy,1903,20
319,Build discuss quickly.,Mary Hughes,Young Adult,2004,46
320,Point rock.,Rick Cook,Non-Fiction,1948,30
321,Seek hope.,Julia Schultz,Historical Fiction,1975,40
322,Black finally.,Eugene Cross,Non-Fiction,1972,7
323,Seem now still with.,Kimberly Taylor,Science Fiction,1949,34
324,No your attention piece.,Rebecca Nelson,Biography,1955,48
325,It popular political.,Victor Barron,Mystery,2010,24
326,Similar final be camera.,Teresa Franco,Historical Fiction,2020,46
327,Wait usually top.,Jeffrey Cohen,Historical Fiction,1943,1
328,Kid tough later war.,Katherine Franklin,Mystery,1911,4
329,Paper air understand form.,Joel Hughes,Science Fiction,1919,11
330,It draw citizen.,Christopher Brown,Biography,1993,25
331,Call simply huge describe.,Michael Wagner,Thriller,2007,29
332,Red hit.,Anthony King,Mystery,1953,30
333,Respond bad morning.,Rachel Sloan,Biography,1989,6
334,Bank star central.,Lauren Evans,Fantasy,1914,29
335,Dark her develop discussion likely.,Lori Young,Thriller,1977,41
336,Example remember daughter price.,Tammy Bradford,Historical Fiction,1989,44
337,Compare fly cause.,Kelly Carpenter,Mystery,1929,29
338,Receive heavy never each actually.,Ashley Harvey,Thriller,1998,11
339,Impact loss hair it last.,Kevin Owens,Fantasy,1938,1
340,Especially vote build so.,Michael Ruiz,Science Fiction,1967,11
341,Want attorney pick from.,Michelle Baker,Fantasy,1941,12
342,Include maybe when.,Abigail Chase,Mystery,1935,32
343,Notice house despite might but.,Kristie Villarreal,Mystery,1936,10
344,Owner type other voice.,Aaron Wolfe,Fiction,1973,9
345,Trial run fear.,Cheryl Ferguson,Non-Fiction,1903,44
346,Community everybody learn political mouth.,Teresa Davis,Science Fiction,1940,20
347,Culture these.,Thomas Martin,Historical Fiction,1905,13
348,Believe focus reflect.,David Gordon,Non-Fiction,1989,27
349,Cell already point true.,Lauren Chung,Young Adult,2012,20
350,Concern media someone turn edge.,James Goodwin,Non-Fiction,1964,31
351,Network whose back.,Denise Tyler,Fantasy,1979,49
352,Outside wrong nor figure.,Amber Haynes,Mystery,1908,35
353,Involve analysis project.,Lisa Miles,Thriller,2015,34
354,Will picture above.,Bryan Mason,Historical Fiction,1959,37
355,Live eye prepare far.,Amy Galloway,Historical Fiction,2010,41
356,Purpose interview doctor wind.,Leah Thomas,Young Adult,2005,42
357,Speak price scientist.,Janet Fernandez,Biography,1916,32
358,Center imagine final training.,Billy Williams,Romance,1946,15
359,Share policy some section.,Joseph Wallace,Science Fiction,1914,22
360,Walk too.,Bryan Bass,Mystery,1919,37
361,Arrive how government.,Melody Horton,Biography,1924,21
362,Court eat house story generation.,Gina Glenn,Biography,1901,40
363,Trade concern.,Eric Adams,Science Fiction,1925,18
364,Open test book.,Hannah Hubbard,Non-Fiction,1913,38
365,Person to player ability.,Christopher Ryan,Non-Fiction,1947,34
366,Particularly of help.,Chad Oneal,Science Fiction,1939,36
367,Almost character service.,Matthew Schmitt,Romance,1918,47
368,Card newspaper.,Samantha Keith,Thriller,1972,18
369,Debate occur often.,Dr. Timothy King,Mystery,1950,34
370,Away current address fire.,Laura Reyes,Fantasy,1976,7
371,Organization her majority point front.,Lisa Watson,Mystery,2016,46
372,Among TV need could.,Alex Michael,Biography,2006,29
373,Many between natural.,Timothy Young,Fantasy,1961,4
374,Though voice.,Jeremiah Saunders,Non-Fiction,1998,27
375,Member general.,Valerie Hawkins,Mystery,1944,12
376,Voice central trouble another try.,Michael Johnson,Young Adult,2008,35
377,Doctor her something maybe skill.,Colin Jackson,Science Fiction,2006,13
378,Scene pass list.,Sarah Hartman,Historical Fiction,1904,10
379,Adult federal career coach thus.,Kevin Calderon,Young Adult,1987,6
380,Feeling perhaps early.,Ronnie Phillips,Historical Fiction,1991,41
381,Beat improve reduce defense draw.,Samantha Payne,Thriller,1939,28
382,Check oil agreement.,Sarah Morton,Science Fiction,1934,10
383,Store him out.,Patrick Velez,Thriller,2023,4
384,Very themselves little affect increase.,John Garcia,Science Fiction,2005,10
385,Sense create.,Janet Park,Fiction,1979,39
386,Involve important keep sit.,David Lopez,Historical Fiction,1922,36
387,Own property offer quite.,Dana Green,Young Adult,1948,47
388,Cold scientist almost scientist investment.,Bill Mcmahon,Young Adult,2003,25
389,Second PM up.,Erica Martinez,Fiction,1918,28
390,Threat consumer.,Jessica Long,Non-Fiction,1905,50
391,Mind question.,Kent Baker,Historical Fiction,1976,37
392,Talk hope personal memory.,Jason Gonzalez,Non-Fiction,1968,7
393,Admit from control find drive.,Selena Brown,Science Fiction,1949,36
394,Trial bag enter star.,Terrence Clarke,Young Adult,1938,45
395,Day site bad ever.,Lonnie Berg,Historical Fiction,1902,1
396,Must than.,Jill Mccarthy,Non-Fiction,1995,20
397,He Congress difference everything.,Jennifer Jackson,Non-Fiction,2002,26
398,Watch poor decide guy.,Savannah Roberts,Fantasy,1963,25
399,Parent century available serve.,Karl Young,Science Fiction,1944,9
400,South resource evening role those.,Russell Owens,Young Adult,2023,14
401,Fly evidence.,Jason Drake,Fantasy,1922,18
402,Four old against.,Charles Watkins,Thriller,1976,17
403,Instead nice feel soon.,Michelle Blake,Young Adult,1999,37
404,Source writer sister but author.,Kenneth Bryant,Fiction,1923,13
405,Down business whose our.,Ann Keith,Non-Fiction,1914,1
406,Car strong school goal.,Joseph Griffin,Young Adult,2008,26
407,Other home store.,Cody Mitchell,Science Fiction,1994,40
408,Save tonight general relationship.,Caroline Pratt,Fiction,2000,45
409,Tell poor interest forward.,Nancy Allen,Fantasy,1926,36
410,Senior simple doctor decision where.,Oscar Mcclure,Fantasy,1901,49
411,Half that or.,Steven Montoya,Fantasy,1956,24
412,Executive property.,John Keller,Historical Fiction,1949,6
413,Though act.,Jeffery Clark,Young Adult,1957,41
414,Recognize realize fall reveal.,Steven Hudson,Non-Fiction,1960,20
415,People market.,Jennifer Bryant,Fantasy,1977,45
416,Special another relationship before.,Ashley Lopez,Fantasy,1977,22
417,Local leave develop few.,Jonathan Stanley,Historical Fiction,1970,48
418,Fill us everything assume.,Phillip Ellis,Young Adult,1928,44
419,Work despite occur would true.,Shari Grant,Fiction,1958,3
420,Suddenly building government determine.,Edward Hall,Mystery,1921,28
421,Room stock include like.,Laura Zavala,Thriller,2004,14
422,Fact change including.,Jamie Wong,Fiction,1961,34
423,Tell rock size you interesting.,Fernando Bray,Fantasy,1994,44
424,Situation true today body person.,Stephen Berry,Young Adult,1943,15
425,Between soon.,Jeremy Pineda,Mystery,1921,37
426,Value yet relate.,Stacy Cameron,Fantasy,1977,50
427,Leave student hundred.,Abigail Floyd,Mystery,1985,23
428,Expert but according my.,Jason Hall,Young Adult,1941,15
429,Director current beautiful.,Beth Blair,Thriller,2000,3
430,Society student miss exist the.,Jessica Reid,Fantasy,1931,26
431,Event continue pick.,Jesse Williams,Non-Fiction,1942,27
432,Agency maybe into event.,Diane Roth,Historical Fiction,1915,31
433,President term lose.,Victoria Klein,Fiction,1998,10
434,Over almost high soldier and.,Ronald Tucker,Romance,2022,23
435,Technology another whom be.,Eric Thomas,Science Fiction,1977,5
436,Let maintain decision medical person.,Sylvia Duran,Non-Fiction,1938,28
437,History contain later.,Donald Webster,Science Fiction,1945,50
438,Several open.,Carla Stewart,Biography,1935,43
439,Spring be member.,Rachel Hurst,Thriller,1968,39
440,Once building develop.,Jerry Taylor,Science Fiction,1931,21
441,Company particularly.,Jackie Long,Young Adult,1928,1
442,Cold education town particular simply.,David Nichols,Non-Fiction,1938,49
443,Staff per many laugh.,Joshua English,Fantasy,1940,29
444,Glass laugh total hundred.,Andrew Thompson,Science Fiction,1993,10
445,Natural type church so.,Paul Robertson,Romance,1937,8
446,Face people receive site.,Erik Raymond,Non-Fiction,1970,12
447,Person few rather.,Johnny Lewis,Science Fiction,1937,22
448,Ahead would which class.,Rebecca Barry,Fiction,2007,16
449,Indicate piece sing.,Sheryl Salas,Thriller,1921,42
450,Less paper leave.,Angela Castillo,Mystery,1995,11
451,Majority free measure defense.,Gregory Fox,Fantasy,1990,3
452,Camera important financial.,Melissa Riley,Biography,1940,36
453,Safe car discuss.,Kenneth Lee,Mystery,2001,40
454,Really Mr rule interest record.,Jocelyn Park,Fantasy,1956,35
455,Still garden report inside player.,Jennifer James,Biography,1980,23
456,Perhaps follow.,Jared Harris,Historical Fiction,1925,15
457,Bar enjoy force.,Seth Manning,Science Fiction,1935,38
458,Herself these.,Rachel Johnson,Romance,2018,3
459,Difficult few one education.,Erin Bridges,Fantasy,2000,44
460,Lay daughter.,Steven Garcia,Mystery,1919,12
461,Decide important.,Sarah Cole,Non-Fiction,1958,8
462,Feeling share car.,Kimberly Briggs,Historical Fiction,1971,16
463,West entire.,Jeffrey Reese,Young Adult,1995,41
464,Organization election these maintain.,Sarah Farrell,Mystery,1924,43
465,Task interest force collection station.,Susan Vargas,Biography,1907,6
466,Enter soldier step tree commercial.,Steven Bishop,Historical Fiction,1943,44
467,Radio enjoy indeed teach.,Nicholas Pitts,Non-Fiction,1983,10
468,Add himself popular campaign.,Phillip Solis,Young Adult,2010,36
469,Mention ability business then race.,Kimberly Smith,Science Fiction,1991,30
470,Successful major improve really arrive.,Brian Stanley,Romance,1980,25
471,Civil moment show find.,Becky Fernandez,Fantasy,1928,23
472,It get American life federal.,Joshua Johnson,Mystery,1942,46
473,Us little wonder.,Kelly Davis,Young Adult,1974,47
474,Western answer.,Gary Shelton,Historical Fiction,1952,17
475,The PM how professor best.,Alexandria Bates,Science Fiction,1938,39
476,Brother time road soldier.,Christopher Thomas,Non-Fiction,1990,6
477,Commercial him administration.,Michael Cooper,Fantasy,1978,6
478,Mrs first themselves.,Shane Washington,Thriller,1914,6
479,Born garden here citizen.,James Williams,Fiction,1920,19
480,Ahead fine owner thing.,Tracy Thomas,Fantasy,1952,14
481,Have scientist two.,Tammy Steele,Mystery,2020,21
482,Include help agreement party modern.,Linda Miller,Young Adult,2018,22
483,Future kitchen.,Sara Little,Historical Fiction,1968,29
484,Cultural point follow.,Nicholas Stanley,Young Adult,1929,33
485,Forward example reason.,John Schmidt,Romance,1999,48
486,Above now between.,Brandy Thomas,Thriller,1991,13
487,Scientist door.,Timothy Baldwin,Historical Fiction,1907,45
488,For use idea baby wall.,Tiffany Shaw,Biography,1939,17
489,Medical end spring.,Aaron Young,Fiction,1998,3
490,Trial full.,Nicole Sawyer,Thriller,1949,30
491,Significant assume image.,Barbara Robinson,Mystery,1971,43
492,Across series however represent.,Nancy Brown,Fantasy,1935,23
493,Activity office.,Kristy Jackson,Thriller,1982,50
494,Painting baby wall.,Kelly Sims,Biography,2001,34
495,Radio need agency hotel party.,Ronald Rice,Mystery,1952,39
496,Fact show lawyer threat.,Stephen Bennett,Historical Fiction,1927,45
497,Together often.,Kathleen Deleon,Young Adult,1939,45
498,Attention certainly century.,Kathleen James,Mystery,1987,6
499,Mrs series get spend.,Catherine Porter,Fiction,1986,18
500,Help I of.,Mr. Joe Black,Science Fiction,1991,29
501,Late assume.,Natalie Knight,Young Adult,1909,10
502,Difficult world cover sit.,Bobby Reed,Thriller,1960,25
503,Past tough same increase.,Christopher Lam,Biography,1930,7
504,Often growth base much because.,Catherine Donaldson,Fantasy,1906,50
505,Explain lawyer role interesting.,Brittany Smith,Young Adult,1905,14
506,Outside push simple face relationship.,Robert Greer,Biography,2018,47
507,Kid us particularly state.,Joshua Dominguez,Fantasy,1943,28
508,Itself couple.,Kelly Thompson,Thriller,1975,18
509,Street want natural likely product.,Brandi Ramos,Romance,1922,18
510,Or factor dinner side instead.,Ashley Morrison,Romance,2009,46
511,Until compare never pick.,Richard Matthews,Fantasy,1988,27
512,Half serve chair power.,Mrs. Kimberly Rosario,Science Fiction,2004,26
513,Less trip any.,Jeffrey Walker,Science Fiction,2021,31
514,Three role interest tree run.,Olivia Hernandez,Thriller,1944,33
515,Child identify environment.,Christina Wilcox,Young Adult,1965,50
516,Such top game leader debate.,Ryan Sullivan,Thriller,1971,25
517,Effect age situation manager point.,Ashley Thomas,Science Fiction,1959,30
518,Close American continue choose bring.,Kendra Smith,Romance,1918,41
519,Add born series.,Heather Malone,Mystery,1941,13
520,Age people.,Ryan Rice,Science Fiction,1904,7
521,Then material remember.,Yolanda Wolfe,Historical Fiction,1977,7
522,On true worry pattern.,Matthew Powers,Young Adult,1975,24
523,Court responsibility street.,Nicole Lyons,Romance,1957,28
524,Couple society.,Christian Johnson,Fantasy,1952,44
525,Morning argue moment majority.,Jeremiah Lyons,Fantasy,1941,42
526,General present letter certain.,Kristina Miller,Non-Fiction,1933,28
527,Perform two either summer.,Barbara Browning,Science Fiction,1951,9
528,Politics red.,Brian Martin,Non-Fiction,1934,7
529,Charge by hear eight today.,Ricky Garner,Fantasy,1921,35
530,Car kid red owner.,Christine Stevens,Historical Fiction,1952,45
531,Seem foot run firm dinner.,Phillip Collins,Young Adult,2009,38
532,Human away option.,Lauren Park,Fantasy,2001,40
533,Difference impact.,Lance Thompson,Science Fiction,1984,46
534,Civil strategy guy.,Jonathan Owens,Historical Fiction,1934,28
535,Financial almost science within.,Kyle Garrett,Non-Fiction,1950,34
536,Rate significant try try.,William Pearson,Science Fiction,1985,1
537,Course write push.,Gregg Smith,Fantasy,1982,26
538,Page same.,David Elliott,Mystery,1939,4
539,Growth role affect travel water.,Jillian Little,Biography,1908,38
540,Stop born wall father.,Jessica Kim,Science Fiction,1995,43
541,Attention son significant.,Alexis Jordan,Romance,2001,42
542,He now his development.,Kimberly Reese DVM,Historical Fiction,1940,40
543,Chance ten hear morning.,Brooke Murphy,Fiction,1959,21
544,Local action trade full.,Jennifer Hall,Fiction,1976,16
545,Instead city character actually movement.,Joel Yang,Fiction,1965,5
546,Industry maintain phone since popular.,Joseph Barnett,Fiction,1924,15
547,Despite argue.,Michael Mendoza,Non-Fiction,2014,16
548,Without character.,Joshua Travis,Young Adult,1953,34
549,Determine expect address.,Maureen Jenkins,Non-Fiction,1982,49
550,Over if approach discover.,Dr. Kelly Bauer,Fantasy,1935,39
551,Color usually less may benefit.,Mr. John Carney DVM,Historical Fiction,1991,46
552,Five right quite.,Rhonda Brewer,Thriller,1902,24
553,Whatever situation event.,Felicia Higgins,Fiction,1953,16
554,History their state.,Jessica Blankenship,Fantasy,1981,25
555,Exist prevent.,Dale Parker,Science Fiction,1991,3
556,Production her true.,Nathan Dunlap,Fantasy,2011,16
557,Receive quite fight chance.,Phillip Allen,Non-Fiction,1929,33
558,Really board theory final.,Robert Watson,Romance,1910,23
559,Country community.,Carly Clark,Fiction,1913,11
560,Floor thousand miss once.,Gregory Griffin,Thriller,1962,40
561,Old life cultural would somebody.,Ronald Ortiz,Historical Fiction,1983,4
562,Minute admit up spring cause.,Michael Hoover,Non-Fiction,1912,4
563,Speak item power beyond.,Johnny Faulkner,Science Fiction,1912,24
564,Soon listen town second.,Christina Willis,Mystery,1997,4
565,Remain week analysis soon help.,Carolyn Flores,Science Fiction,1903,41
566,Form certainly respond.,Anne Edwards,Biography,2001,6
567,War age continue.,Nicholas Silva,Non-Fiction,1913,31
568,Hot listen finish camera.,Lisa Solis,Biography,1994,39
569,Table blood game in.,Adam Villanueva,Historical Fiction,1922,27
570,Whole similar force.,Paul Vasquez,Romance,1945,17
571,Possible time build less.,Michael Choi,Fiction,1995,40
572,Cell government indicate.,Brittany King,Mystery,2003,7
573,Father street beautiful voice.,Kent Kelly,Thriller,1972,4
574,Threat win same common from.,Marvin Smith,Science Fiction,1901,31
575,Coach job whose father.,Earl Chan,Fiction,1938,22
576,Federal something spring loss.,Donald Calhoun,Fantasy,1938,28
577,Make new party pass note.,Clinton Pierce,Fantasy,1981,46
578,Ok consumer against.,Lisa Bush,Historical Fiction,1931,23
579,Start group toward strategy.,Samuel Sullivan,Historical Fiction,1995,5
580,May name give professional.,Roberto Ruiz,Non-Fiction,1954,42
581,Produce all memory stop.,Gregory Brewer,Historical Fiction,2020,23
582,Late build then crime.,Melissa Taylor,Fiction,1959,12
583,Message before.,Amy Goodman PhD,Thriller,2009,11
584,Level yes across manage loss.,Danielle Hernandez,Thriller,1930,33
585,Feeling despite.,Brandon Matthews,Romance,1964,11
586,Staff listen program impact.,Charles Flores,Mystery,1914,16
587,Activity matter baby number.,Jorge Hood,Science Fiction,1961,27
588,Alone training.,Dawn Patterson,Mystery,1995,24
589,Decision high before break.,Stephanie Ray,Fiction,1942,37
590,Discussion as.,Sean Oliver,Mystery,1952,20
591,Charge position at.,John Davis,Thriller,1907,7
592,Region full dinner necessary.,Tyler Jimenez,Thriller,1975,3
593,Figure push choose onto purpose.,Patrick Harper,Non-Fiction,1936,29
594,Tonight rich give unit recognize.,Tracy Henderson,Fiction,1933,25
595,Describe suddenly become than return.,Barbara Gray,Non-Fiction,1910,35
596,Service after Democrat.,Maria Anderson,Fiction,1912,12
597,Who rise would.,David Jones,Fiction,1905,29
598,Both vote girl join.,Katie Decker,Thriller,1936,45
599,Daughter its answer manage.,Laura Jackson,Biography,1985,13
600,Raise read.,Kristi Smith,Historical Fiction,1931,40
